NEW YORK CITY DEPARTMENT OF FINANCE,,,,,,,
"MANHATTAN - All 1-, 2-, and 3-Family Homes Sales From January 1, 2021 to December 31, 2021.",,,,,,,
"Sale Price Equal or More than $200,000.",,,,,,,
Property Tax System (PTS) data as of 04/11/2022.,,,,,,,
Building Class Category for Sales is based on Building Class at Time of Sale.,,,,,,,
,,,,,,,
BOROUGH,NEIGHBORHOOD,BUILDING CLASS CATEGORY,NUMBER OF SALES,MINIMUM SALE PRICE,AVERAGE SALE PRICE,MEDIAN SALE PRICE,MAXIMUM SALE PRICE
,,,,,,,
MANHATTAN,ALPHABET CITY,01-ONE FAMILY DWELLINGS,1,"2,385,000","2,385,000","2,385,000","2,385,000"
MANHATTAN,ALPHABET CITY,02-TWO FAMILY DWELLINGS,1,"3,025,000","3,025,000","3,025,000","3,025,000"
MANHATTAN,CHELSEA,01-ONE FAMILY DWELLINGS,6,"5,900,000","11,062,500","9,112,500","22,500,000"
MANHATTAN,CHELSEA,02-TWO FAMILY DWELLINGS,2,"4,395,000","8,447,500","8,447,500","12,500,000"
MANHATTAN,CHELSEA,03-THREE FAMILY DWELLINGS,3,"3,550,000","5,233,333","5,350,000","6,800,000"
MANHATTAN,CLINTON,02-TWO FAMILY DWELLINGS,1,"5,700,000","5,700,000","5,700,000","5,700,000"
MANHATTAN,EAST VILLAGE,02-TWO FAMILY DWELLINGS,4,"4,025,000","6,779,688","6,550,000","9,993,750"
MANHATTAN,EAST VILLAGE,03-THREE FAMILY DWELLINGS,2,"3,600,000","5,947,500","5,947,500","8,295,000"
MANHATTAN,GRAMERCY,02-TWO FAMILY DWELLINGS,1,"3,500,000","3,500,000","3,500,000","3,500,000"
MANHATTAN,GRAMERCY,03-THREE FAMILY DWELLINGS,1,"4,500,000","4,500,000","4,500,000","4,500,000"
MANHATTAN,GREENWICH VILLAGE-CENTRAL,01-ONE FAMILY DWELLINGS,8,"4,800,000","16,787,500","16,800,000","29,500,000"
MANHATTAN,GREENWICH VILLAGE-CENTRAL,02-TWO FAMILY DWELLINGS,1,"3,500,000","3,500,000","3,500,000","3,500,000"
MANHATTAN,GREENWICH VILLAGE-WEST,01-ONE FAMILY DWELLINGS,34,"487,980","10,244,426","8,695,000","27,270,000"
MANHATTAN,GREENWICH VILLAGE-WEST,02-TWO FAMILY DWELLINGS,12,"4,200,000","9,235,417","8,425,000","19,750,000"
MANHATTAN,GREENWICH VILLAGE-WEST,03-THREE FAMILY DWELLINGS,5,"6,066,000","10,045,200","9,310,000","16,000,000"
MANHATTAN,HARLEM-CENTRAL,01-ONE FAMILY DWELLINGS,10,"304,200","2,477,420","2,887,500","3,900,000"
MANHATTAN,HARLEM-CENTRAL,02-TWO FAMILY DWELLINGS,18,"1,650,000","2,664,527","2,462,500","4,025,000"
MANHATTAN,HARLEM-CENTRAL,03-THREE FAMILY DWELLINGS,16,"1,470,000","2,249,245","2,300,000","3,345,000"
MANHATTAN,HARLEM-EAST,02-TWO FAMILY DWELLINGS,2,"500,000","982,500","982,500","1,465,000"
MANHATTAN,HARLEM-EAST,03-THREE FAMILY DWELLINGS,5,"1,850,000","2,069,000","1,995,000","2,500,000"
MANHATTAN,HARLEM-UPPER,01-ONE FAMILY DWELLINGS,1,"3,150,000","3,150,000","3,150,000","3,150,000"
MANHATTAN,HARLEM-UPPER,02-TWO FAMILY DWELLINGS,2,"1,200,000","1,700,000","1,700,000","2,200,000"
MANHATTAN,HARLEM-UPPER,03-THREE FAMILY DWELLINGS,3,"1,539,374","2,233,125","2,320,000","2,840,000"
MANHATTAN,INWOOD,01-ONE FAMILY DWELLINGS,2,"850,000","895,000","895,000","940,000"
MANHATTAN,INWOOD,02-TWO FAMILY DWELLINGS,5,"420,000","1,124,400","1,222,000","1,690,000"
MANHATTAN,KIPS BAY,01-ONE FAMILY DWELLINGS,1,"665,000","665,000","665,000","665,000"
MANHATTAN,KIPS BAY,02-TWO FAMILY DWELLINGS,2,"360,000","3,293,030","3,293,030","6,226,060"
MANHATTAN,LITTLE ITALY,02-TWO FAMILY DWELLINGS,1,"1,800,000","1,800,000","1,800,000","1,800,000"
MANHATTAN,LOWER EAST SIDE,01-ONE FAMILY DWELLINGS,1,"7,500,000","7,500,000","7,500,000","7,500,000"
MANHATTAN,MANHATTAN VALLEY,01-ONE FAMILY DWELLINGS,2,"2,500,000","3,080,625","3,080,625","3,661,250"
MANHATTAN,MANHATTAN VALLEY,02-TWO FAMILY DWELLINGS,1,"3,270,000","3,270,000","3,270,000","3,270,000"
MANHATTAN,MANHATTAN VALLEY,03-THREE FAMILY DWELLINGS,1,"2,890,000","2,890,000","2,890,000","2,890,000"
MANHATTAN,MIDTOWN EAST,01-ONE FAMILY DWELLINGS,6,"3,825,000","6,344,667","6,571,500","8,600,000"
MANHATTAN,MIDTOWN EAST,02-TWO FAMILY DWELLINGS,1,"5,600,000","5,600,000","5,600,000","5,600,000"
MANHATTAN,MIDTOWN WEST,02-TWO FAMILY DWELLINGS,1,"3,500,000","3,500,000","3,500,000","3,500,000"
MANHATTAN,MURRAY HILL,01-ONE FAMILY DWELLINGS,4,"2,100,000","5,700,000","5,850,000","9,000,000"
MANHATTAN,MURRAY HILL,02-TWO FAMILY DWELLINGS,4,"2,900,000","4,200,025","3,950,050","6,000,000"
MANHATTAN,MURRAY HILL,03-THREE FAMILY DWELLINGS,2,"3,575,000","3,987,500","3,987,500","4,400,000"
MANHATTAN,SOHO,01-ONE FAMILY DWELLINGS,2,"8,700,000","10,250,000","10,250,000","11,800,000"
MANHATTAN,TRIBECA,01-ONE FAMILY DWELLINGS,1,"5,150,000","5,150,000","5,150,000","5,150,000"
MANHATTAN,UPPER EAST SIDE (59-79),01-ONE FAMILY DWELLINGS,25,"855,000","13,477,090","8,750,000","59,000,000"
MANHATTAN,UPPER EAST SIDE (59-79),02-TWO FAMILY DWELLINGS,6,"1,300,000","14,216,667","7,900,000","53,500,000"
MANHATTAN,UPPER EAST SIDE (59-79),03-THREE FAMILY DWELLINGS,1,"5,350,000","5,350,000","5,350,000","5,350,000"
MANHATTAN,UPPER EAST SIDE (79-96),01-ONE FAMILY DWELLINGS,20,"3,750,000","9,511,750","6,462,500","22,750,000"
MANHATTAN,UPPER EAST SIDE (79-96),02-TWO FAMILY DWELLINGS,10,"495,594","9,461,997","10,300,000","18,500,000"
MANHATTAN,UPPER EAST SIDE (79-96),03-THREE FAMILY DWELLINGS,4,"4,000,000","7,987,500","8,200,000","11,550,000"
MANHATTAN,UPPER WEST SIDE (59-79),01-ONE FAMILY DWELLINGS,7,"6,900,000","10,678,571","10,750,000","14,500,000"
MANHATTAN,UPPER WEST SIDE (59-79),02-TWO FAMILY DWELLINGS,3,"5,800,000","7,383,333","5,850,000","10,500,000"
MANHATTAN,UPPER WEST SIDE (59-79),03-THREE FAMILY DWELLINGS,1,"3,820,000","3,820,000","3,820,000","3,820,000"
MANHATTAN,UPPER WEST SIDE (79-96),01-ONE FAMILY DWELLINGS,8,"2,775,000","6,200,625","6,040,000","10,250,000"
MANHATTAN,UPPER WEST SIDE (79-96),02-TWO FAMILY DWELLINGS,6,"4,350,000","6,934,167","6,650,000","11,000,000"
MANHATTAN,UPPER WEST SIDE (79-96),03-THREE FAMILY DWELLINGS,2,"5,975,000","6,412,500","6,412,500","6,850,000"
MANHATTAN,UPPER WEST SIDE (96-116),01-ONE FAMILY DWELLINGS,1,"15,250,000","15,250,000","15,250,000","15,250,000"
MANHATTAN,WASHINGTON HEIGHTS LOWER,01-ONE FAMILY DWELLINGS,4,"2,300,000","2,456,250","2,450,000","2,625,000"
MANHATTAN,WASHINGTON HEIGHTS LOWER,02-TWO FAMILY DWELLINGS,5,"450,000","1,577,900","1,600,000","2,500,000"
MANHATTAN,WASHINGTON HEIGHTS LOWER,03-THREE FAMILY DWELLINGS,1,"5,200,000","5,200,000","5,200,000","5,200,000"
MANHATTAN,WASHINGTON HEIGHTS UPPER,02-TWO FAMILY DWELLINGS,3,"850,000","1,416,667","1,400,000","2,000,000"
MANHATTAN,WASHINGTON HEIGHTS UPPER,03-THREE FAMILY DWELLINGS,2,"860,000","955,000","955,000","1,050,000"
,,,,,,,
NEW YORK CITY DEPARTMENT OF FINANCE,,,,,,,
"BRONX - All 1-, 2-, and 3-Family Homes Sales From January 1, 2021 to December 31, 2021.",,,,,,,
"Sale Price Equal or More than $200,000.",,,,,,,
Property Tax System (PTS) data as of 04/11/2022.,,,,,,,
Building Class Category for Sales is based on Building Class at Time of Sale.,,,,,,,
,,,,,,,
BOROUGH,NEIGHBORHOOD,BUILDING CLASS CATEGORY,NUMBER OF SALES,MINIMUM SALE PRICE,AVERAGE SALE PRICE,MEDIAN SALE PRICE,MAXIMUM SALE PRICE
,,,,,,,
BRONX,BATHGATE,01-ONE FAMILY DWELLINGS,4,"251,600","471,650","517,500","600,000"
BRONX,BATHGATE,02-TWO FAMILY DWELLINGS,15,"385,000","653,533","675,000","820,000"
BRONX,BATHGATE,03-THREE FAMILY DWELLINGS,9,"440,000","757,111","762,000","920,000"
BRONX,BAYCHESTER,01-ONE FAMILY DWELLINGS,91,"205,000","518,251","525,000","925,000"
BRONX,BAYCHESTER,02-TWO FAMILY DWELLINGS,101,"238,000","664,787","700,000","990,000"
BRONX,BAYCHESTER,03-THREE FAMILY DWELLINGS,27,"250,000","740,109","785,000","948,950"
BRONX,BEDFORD PARK/NORWOOD,01-ONE FAMILY DWELLINGS,15,"300,000","638,617","620,000","1,100,000"
BRONX,BEDFORD PARK/NORWOOD,02-TWO FAMILY DWELLINGS,27,"470,000","878,386","825,000","1,500,000"
BRONX,BEDFORD PARK/NORWOOD,03-THREE FAMILY DWELLINGS,12,"700,000","1,122,292","840,000","2,765,000"
BRONX,BELMONT,01-ONE FAMILY DWELLINGS,1,"1,600,000","1,600,000","1,600,000","1,600,000"
BRONX,BELMONT,02-TWO FAMILY DWELLINGS,10,"560,000","684,889","667,500","899,000"
BRONX,BELMONT,03-THREE FAMILY DWELLINGS,4,"760,000","1,013,750","1,000,000","1,295,000"
BRONX,BRONX PARK,02-TWO FAMILY DWELLINGS,1,"800,000","800,000","800,000","800,000"
BRONX,BRONXDALE,01-ONE FAMILY DWELLINGS,62,"228,000","513,174","501,750","850,000"
BRONX,BRONXDALE,02-TWO FAMILY DWELLINGS,53,"275,000","691,415","659,000","1,600,000"
BRONX,BRONXDALE,03-THREE FAMILY DWELLINGS,14,"410,000","787,357","846,500","970,000"
BRONX,CASTLE HILL/UNIONPORT,01-ONE FAMILY DWELLINGS,22,"285,300","557,332","577,500","700,000"
BRONX,CASTLE HILL/UNIONPORT,02-TWO FAMILY DWELLINGS,54,"350,000","705,770","680,000","975,000"
BRONX,CASTLE HILL/UNIONPORT,03-THREE FAMILY DWELLINGS,17,"400,000","794,024","830,000","1,100,000"
BRONX,CITY ISLAND,01-ONE FAMILY DWELLINGS,32,"200,000","558,634","542,000","1,200,000"
BRONX,CITY ISLAND,02-TWO FAMILY DWELLINGS,16,"338,075","680,380","643,000","1,188,000"
BRONX,CITY ISLAND,03-THREE FAMILY DWELLINGS,2,"850,000","862,500","862,500","875,000"
BRONX,CITY ISLAND-PELHAM STRIP,01-ONE FAMILY DWELLINGS,4,"500,000","1,771,750","1,481,000","3,625,000"
BRONX,COUNTRY CLUB,01-ONE FAMILY DWELLINGS,87,"256,173","617,236","620,000","1,375,000"
BRONX,COUNTRY CLUB,02-TWO FAMILY DWELLINGS,51,"335,000","891,028","870,000","1,552,831"
BRONX,COUNTRY CLUB,03-THREE FAMILY DWELLINGS,8,"640,000","991,000","1,024,000","1,300,000"
BRONX,CROTONA PARK,01-ONE FAMILY DWELLINGS,6,"250,000","550,833","652,500","730,000"
BRONX,CROTONA PARK,02-TWO FAMILY DWELLINGS,17,"375,000","628,526","645,000","840,000"
BRONX,CROTONA PARK,03-THREE FAMILY DWELLINGS,6,"391,063","722,844","757,551","995,000"
BRONX,EAST TREMONT,01-ONE FAMILY DWELLINGS,13,"208,500","467,845","530,000","647,000"
BRONX,EAST TREMONT,02-TWO FAMILY DWELLINGS,19,"250,000","730,574","755,000","1,640,000"
BRONX,EAST TREMONT,03-THREE FAMILY DWELLINGS,17,"275,000","758,765","826,000","999,999"
BRONX,FIELDSTON,01-ONE FAMILY DWELLINGS,22,"998,000","2,101,784","1,700,000","4,675,000"
BRONX,FORDHAM,01-ONE FAMILY DWELLINGS,3,"400,000","475,000","495,000","530,000"
BRONX,FORDHAM,02-TWO FAMILY DWELLINGS,11,"489,000","916,727","710,000","1,900,000"
BRONX,FORDHAM,03-THREE FAMILY DWELLINGS,3,"700,000","783,333","700,000","950,000"
BRONX,HIGHBRIDGE/MORRIS HEIGHTS,01-ONE FAMILY DWELLINGS,9,"550,000","972,222","900,000","2,250,000"
BRONX,HIGHBRIDGE/MORRIS HEIGHTS,02-TWO FAMILY DWELLINGS,28,"350,000","790,120","720,400","2,500,000"
BRONX,HIGHBRIDGE/MORRIS HEIGHTS,03-THREE FAMILY DWELLINGS,9,"475,000","766,111","800,000","975,000"
BRONX,HUNTS POINT,02-TWO FAMILY DWELLINGS,4,"347,094","498,024","487,500","670,000"
BRONX,HUNTS POINT,03-THREE FAMILY DWELLINGS,4,"230,000","438,750","437,500","650,000"
BRONX,KINGSBRIDGE HTS/UNIV HTS,01-ONE FAMILY DWELLINGS,14,"300,000","574,143","549,500","950,000"
BRONX,KINGSBRIDGE HTS/UNIV HTS,02-TWO FAMILY DWELLINGS,13,"325,000","610,538","685,000","850,000"
BRONX,KINGSBRIDGE HTS/UNIV HTS,03-THREE FAMILY DWELLINGS,5,"599,000","1,358,800","1,800,000","1,800,000"
BRONX,KINGSBRIDGE/JEROME PARK,01-ONE FAMILY DWELLINGS,27,"465,000","819,435","725,000","2,850,000"
BRONX,KINGSBRIDGE/JEROME PARK,02-TWO FAMILY DWELLINGS,16,"280,000","764,187","800,000","1,100,000"
BRONX,KINGSBRIDGE/JEROME PARK,03-THREE FAMILY DWELLINGS,8,"225,000","719,375","735,000","1,400,000"
BRONX,MELROSE/CONCOURSE,01-ONE FAMILY DWELLINGS,3,"280,000","418,333","405,000","570,000"
BRONX,MELROSE/CONCOURSE,02-TWO FAMILY DWELLINGS,15,"380,000","715,500","625,000","1,500,000"
BRONX,MELROSE/CONCOURSE,03-THREE FAMILY DWELLINGS,17,"294,060","759,874","708,000","1,550,000"
BRONX,MORRIS PARK/VAN NEST,01-ONE FAMILY DWELLINGS,59,"350,000","612,388","607,000","1,200,000"
BRONX,MORRIS PARK/VAN NEST,02-TWO FAMILY DWELLINGS,112,"233,220","707,355","720,000","999,000"
BRONX,MORRIS PARK/VAN NEST,03-THREE FAMILY DWELLINGS,27,"200,000","794,639","820,000","1,047,000"
BRONX,MORRISANIA/LONGWOOD,01-ONE FAMILY DWELLINGS,25,"200,000","496,431","449,000","2,106,825"
BRONX,MORRISANIA/LONGWOOD,02-TWO FAMILY DWELLINGS,35,"250,000","637,760","707,000","885,000"
BRONX,MORRISANIA/LONGWOOD,03-THREE FAMILY DWELLINGS,29,"400,000","806,277","856,000","1,045,000"
BRONX,MOTT HAVEN/PORT MORRIS,01-ONE FAMILY DWELLINGS,17,"323,100","701,476","680,000","1,200,000"
BRONX,MOTT HAVEN/PORT MORRIS,02-TWO FAMILY DWELLINGS,15,"325,000","778,600","780,000","1,125,000"
BRONX,MOTT HAVEN/PORT MORRIS,03-THREE FAMILY DWELLINGS,4,"500,000","823,750","900,000","995,000"
BRONX,MOUNT HOPE/MOUNT EDEN,01-ONE FAMILY DWELLINGS,3,"665,000","1,092,500","1,012,500","1,600,000"
BRONX,MOUNT HOPE/MOUNT EDEN,02-TWO FAMILY DWELLINGS,14,"415,000","883,713","778,000","2,025,000"
BRONX,MOUNT HOPE/MOUNT EDEN,03-THREE FAMILY DWELLINGS,11,"516,667","916,970","805,000","1,900,000"
BRONX,PARKCHESTER,01-ONE FAMILY DWELLINGS,6,"441,666","592,498","557,495","883,332"
BRONX,PARKCHESTER,02-TWO FAMILY DWELLINGS,30,"361,000","621,666","600,000","990,000"
BRONX,PARKCHESTER,03-THREE FAMILY DWELLINGS,12,"485,000","730,375","716,500","995,000"
BRONX,PELHAM GARDENS,01-ONE FAMILY DWELLINGS,29,"480,000","681,600","629,000","1,100,000"
BRONX,PELHAM GARDENS,02-TWO FAMILY DWELLINGS,13,"584,100","833,392","800,000","1,150,000"
BRONX,PELHAM GARDENS,03-THREE FAMILY DWELLINGS,1,"960,000","960,000","960,000","960,000"
BRONX,PELHAM PARKWAY NORTH,01-ONE FAMILY DWELLINGS,48,"335,000","608,114","624,500","875,000"
BRONX,PELHAM PARKWAY NORTH,02-TWO FAMILY DWELLINGS,33,"325,000","681,605","700,000","990,000"
BRONX,PELHAM PARKWAY NORTH,03-THREE FAMILY DWELLINGS,3,"855,000","986,333","980,000","1,124,000"
BRONX,PELHAM PARKWAY SOUTH,01-ONE FAMILY DWELLINGS,21,"355,000","673,214","670,000","1,045,000"
BRONX,PELHAM PARKWAY SOUTH,02-TWO FAMILY DWELLINGS,25,"475,000","770,932","785,000","995,000"
BRONX,PELHAM PARKWAY SOUTH,03-THREE FAMILY DWELLINGS,3,"710,000","789,667","799,000","860,000"
BRONX,RIVERDALE,01-ONE FAMILY DWELLINGS,58,"541,000","1,244,480","922,500","6,100,000"
BRONX,RIVERDALE,02-TWO FAMILY DWELLINGS,16,"360,749","880,354","882,500","1,235,000"
BRONX,RIVERDALE,03-THREE FAMILY DWELLINGS,10,"450,000","1,153,213","1,235,000","1,384,565"
BRONX,SCHUYLERVILLE/PELHAM BAY,01-ONE FAMILY DWELLINGS,60,"370,000","572,567","580,000","838,000"
BRONX,SCHUYLERVILLE/PELHAM BAY,02-TWO FAMILY DWELLINGS,69,"295,000","763,073","760,500","1,220,000"
BRONX,SCHUYLERVILLE/PELHAM BAY,03-THREE FAMILY DWELLINGS,25,"625,000","954,160","890,000","1,480,000"
BRONX,SOUNDVIEW,01-ONE FAMILY DWELLINGS,40,"204,424","487,079","505,000","760,000"
BRONX,SOUNDVIEW,02-TWO FAMILY DWELLINGS,96,"247,000","670,557","690,000","1,049,000"
BRONX,SOUNDVIEW,03-THREE FAMILY DWELLINGS,49,"268,000","771,946","790,000","1,220,000"
BRONX,THROGS NECK,01-ONE FAMILY DWELLINGS,156,"221,100","536,578","540,000","1,140,000"
BRONX,THROGS NECK,02-TWO FAMILY DWELLINGS,104,"275,000","747,634","740,000","1,346,000"
BRONX,THROGS NECK,03-THREE FAMILY DWELLINGS,15,"815,000","1,017,533","958,000","1,350,000"
BRONX,WAKEFIELD,01-ONE FAMILY DWELLINGS,50,"249,266","511,967","527,500","1,015,000"
BRONX,WAKEFIELD,02-TWO FAMILY DWELLINGS,74,"240,000","617,698","625,000","900,000"
BRONX,WAKEFIELD,03-THREE FAMILY DWELLINGS,16,"261,500","744,156","722,500","1,265,000"
BRONX,WESTCHESTER,01-ONE FAMILY DWELLINGS,26,"360,000","568,317","555,000","824,250"
BRONX,WESTCHESTER,02-TWO FAMILY DWELLINGS,44,"330,750","694,507","740,000","1,075,000"
BRONX,WESTCHESTER,03-THREE FAMILY DWELLINGS,10,"665,000","885,040","912,500","1,085,500"
BRONX,WILLIAMSBRIDGE,01-ONE FAMILY DWELLINGS,60,"200,000","523,738","514,000","2,100,000"
BRONX,WILLIAMSBRIDGE,02-TWO FAMILY DWELLINGS,113,"200,000","684,421","703,514","1,578,288"
BRONX,WILLIAMSBRIDGE,03-THREE FAMILY DWELLINGS,47,"350,500","773,404","792,000","999,999"
BRONX,WOODLAWN,01-ONE FAMILY DWELLINGS,18,"300,000","593,494","592,500","850,000"
BRONX,WOODLAWN,02-TWO FAMILY DWELLINGS,23,"222,300","723,830","750,000","1,050,000"
BRONX,WOODLAWN,03-THREE FAMILY DWELLINGS,1,"950,000","950,000","950,000","950,000"
,,,,,,,
NEW YORK CITY DEPARTMENT OF FINANCE,,,,,,,
"BROOKLYN - All 1-, 2-, and 3-Family Homes Sales From January 1, 2021 to December 31, 2021.",,,,,,,
"Sale Price Equal or More than $200,000.",,,,,,,
Property Tax System (PTS) data as of 04/11/2022.,,,,,,,
Building Class Category for Sales is based on Building Class at Time of Sale.,,,,,,,
,,,,,,,
BOROUGH,NEIGHBORHOOD,BUILDING CLASS CATEGORY,NUMBER OF SALES,MINIMUM SALE PRICE,AVERAGE SALE PRICE,MEDIAN SALE PRICE,MAXIMUM SALE PRICE
,,,,,,,
BROOKLYN,BATH BEACH,01-ONE FAMILY DWELLINGS,21,"388,500","924,167","855,000","2,800,000"
BROOKLYN,BATH BEACH,02-TWO FAMILY DWELLINGS,80,"240,000","1,114,065","1,029,750","2,330,000"
BROOKLYN,BATH BEACH,03-THREE FAMILY DWELLINGS,31,"300,000","1,594,687","1,570,000","2,341,975"
BROOKLYN,BAY RIDGE,01-ONE FAMILY DWELLINGS,140,"250,000","1,272,806","1,185,000","4,125,000"
BROOKLYN,BAY RIDGE,02-TWO FAMILY DWELLINGS,146,"387,500","1,357,398","1,300,000","4,350,000"
BROOKLYN,BAY RIDGE,03-THREE FAMILY DWELLINGS,20,"350,000","1,331,375","1,343,000","2,410,000"
BROOKLYN,BEDFORD STUYVESANT,01-ONE FAMILY DWELLINGS,43,"233,639","1,455,970","1,425,000","2,900,000"
BROOKLYN,BEDFORD STUYVESANT,02-TWO FAMILY DWELLINGS,242,"230,000","1,583,517","1,462,500","4,000,000"
BROOKLYN,BEDFORD STUYVESANT,03-THREE FAMILY DWELLINGS,113,"290,000","1,635,265","1,480,000","4,550,000"
BROOKLYN,BENSONHURST,01-ONE FAMILY DWELLINGS,46,"710,000","1,057,652","960,000","1,900,000"
BROOKLYN,BENSONHURST,02-TWO FAMILY DWELLINGS,141,"333,000","1,217,419","1,200,000","2,880,000"
BROOKLYN,BENSONHURST,03-THREE FAMILY DWELLINGS,48,"600,000","1,421,331","1,356,500","2,494,713"
BROOKLYN,BERGEN BEACH,01-ONE FAMILY DWELLINGS,82,"250,000","777,792","777,500","1,470,000"
BROOKLYN,BERGEN BEACH,02-TWO FAMILY DWELLINGS,40,"450,000","928,950","935,000","1,495,000"
BROOKLYN,BERGEN BEACH,03-THREE FAMILY DWELLINGS,26,"400,000","1,022,904","985,000","1,540,000"
BROOKLYN,BOERUM HILL,01-ONE FAMILY DWELLINGS,9,"2,500,000","3,492,444","3,150,000","5,850,000"
BROOKLYN,BOERUM HILL,02-TWO FAMILY DWELLINGS,26,"200,000","3,483,000","2,812,500","9,000,000"
BROOKLYN,BOERUM HILL,03-THREE FAMILY DWELLINGS,13,"1,680,000","2,607,462","2,500,000","4,000,000"
BROOKLYN,BOROUGH PARK,01-ONE FAMILY DWELLINGS,98,"245,000","1,312,401","1,173,138","3,700,000"
BROOKLYN,BOROUGH PARK,02-TWO FAMILY DWELLINGS,221,"200,000","1,338,612","1,300,000","3,640,000"
BROOKLYN,BOROUGH PARK,03-THREE FAMILY DWELLINGS,82,"300,000","1,694,385","1,700,000","3,300,000"
BROOKLYN,BRIGHTON BEACH,01-ONE FAMILY DWELLINGS,9,"280,000","454,444","450,000","725,000"
BROOKLYN,BRIGHTON BEACH,02-TWO FAMILY DWELLINGS,23,"600,000","948,299","905,000","2,100,000"
BROOKLYN,BRIGHTON BEACH,03-THREE FAMILY DWELLINGS,9,"695,000","955,278","950,000","1,225,000"
BROOKLYN,BROOKLYN HEIGHTS,01-ONE FAMILY DWELLINGS,16,"2,325,000","6,257,000","6,212,500","12,000,000"
BROOKLYN,BROOKLYN HEIGHTS,02-TWO FAMILY DWELLINGS,15,"4,825,000","6,210,667","5,650,000","10,350,000"
BROOKLYN,BROOKLYN HEIGHTS,03-THREE FAMILY DWELLINGS,1,"12,750,000","12,750,000","12,750,000","12,750,000"
BROOKLYN,BROWNSVILLE,01-ONE FAMILY DWELLINGS,44,"266,000","555,861","544,750","835,000"
BROOKLYN,BROWNSVILLE,02-TWO FAMILY DWELLINGS,28,"340,000","740,039","750,000","1,900,000"
BROOKLYN,BROWNSVILLE,03-THREE FAMILY DWELLINGS,5,"480,193","764,839","900,000","999,000"
BROOKLYN,BUSH TERMINAL,02-TWO FAMILY DWELLINGS,5,"740,000","910,500","900,000","1,107,500"
BROOKLYN,BUSHWICK,01-ONE FAMILY DWELLINGS,5,"640,000","1,075,500","1,126,500","1,390,000"
BROOKLYN,BUSHWICK,02-TWO FAMILY DWELLINGS,140,"375,000","1,179,353","1,166,500","2,485,000"
BROOKLYN,BUSHWICK,03-THREE FAMILY DWELLINGS,52,"200,000","1,262,833","1,220,000","3,000,000"
BROOKLYN,CANARSIE,01-ONE FAMILY DWELLINGS,92,"225,000","564,334","580,000","1,325,000"
BROOKLYN,CANARSIE,02-TWO FAMILY DWELLINGS,210,"200,000","742,974","760,000","1,030,000"
BROOKLYN,CANARSIE,03-THREE FAMILY DWELLINGS,29,"365,040","831,820","850,000","1,040,000"
BROOKLYN,CARROLL GARDENS,01-ONE FAMILY DWELLINGS,7,"2,810,000","4,646,214","3,675,000","6,700,000"
BROOKLYN,CARROLL GARDENS,02-TWO FAMILY DWELLINGS,22,"1,702,000","2,929,409","2,790,000","5,200,000"
BROOKLYN,CARROLL GARDENS,03-THREE FAMILY DWELLINGS,22,"1,050,000","2,842,168","2,950,000","6,400,000"
BROOKLYN,CLINTON HILL,01-ONE FAMILY DWELLINGS,9,"1,215,000","3,392,778","2,825,000","9,050,000"
BROOKLYN,CLINTON HILL,02-TWO FAMILY DWELLINGS,31,"330,000","2,496,613","2,590,000","4,425,000"
BROOKLYN,CLINTON HILL,03-THREE FAMILY DWELLINGS,23,"519,000","2,353,624","2,500,000","3,990,000"
BROOKLYN,COBBLE HILL,01-ONE FAMILY DWELLINGS,18,"300,000","4,478,309","4,450,000","6,800,000"
BROOKLYN,COBBLE HILL,02-TWO FAMILY DWELLINGS,13,"900,000","4,693,077","4,135,000","8,500,000"
BROOKLYN,COBBLE HILL,03-THREE FAMILY DWELLINGS,4,"2,554,000","3,857,250","3,750,000","5,375,000"
BROOKLYN,COBBLE HILL-WEST,01-ONE FAMILY DWELLINGS,2,"1,750,000","1,750,000","1,750,000","1,750,000"
BROOKLYN,COBBLE HILL-WEST,02-TWO FAMILY DWELLINGS,5,"925,000","1,634,800","1,400,000","2,750,000"
BROOKLYN,COBBLE HILL-WEST,03-THREE FAMILY DWELLINGS,1,"2,575,000","2,575,000","2,575,000","2,575,000"
BROOKLYN,CONEY ISLAND,01-ONE FAMILY DWELLINGS,23,"250,000","551,717","575,000","675,000"
BROOKLYN,CONEY ISLAND,02-TWO FAMILY DWELLINGS,2,"825,000","868,750","868,750","912,500"
BROOKLYN,CONEY ISLAND,03-THREE FAMILY DWELLINGS,1,"999,900","999,900","999,900","999,900"
BROOKLYN,CROWN HEIGHTS,01-ONE FAMILY DWELLINGS,34,"375,000","1,604,618","1,562,500","4,000,000"
BROOKLYN,CROWN HEIGHTS,02-TWO FAMILY DWELLINGS,108,"400,000","1,373,406","1,237,500","3,950,000"
BROOKLYN,CROWN HEIGHTS,03-THREE FAMILY DWELLINGS,31,"700,000","2,102,051","1,300,000","22,072,796"
BROOKLYN,CYPRESS HILLS,01-ONE FAMILY DWELLINGS,37,"279,000","674,088","665,000","1,650,000"
BROOKLYN,CYPRESS HILLS,02-TWO FAMILY DWELLINGS,95,"220,000","770,050","800,000","1,290,000"
BROOKLYN,CYPRESS HILLS,03-THREE FAMILY DWELLINGS,18,"665,000","845,667","832,500","1,113,000"
BROOKLYN,DOWNTOWN-FULTON FERRY,01-ONE FAMILY DWELLINGS,2,"4,260,000","4,355,000","4,355,000","4,450,000"
BROOKLYN,DOWNTOWN-FULTON FERRY,02-TWO FAMILY DWELLINGS,2,"1,975,000","2,485,000","2,485,000","2,995,000"
BROOKLYN,DOWNTOWN-FULTON MALL,01-ONE FAMILY DWELLINGS,1,"3,975,000","3,975,000","3,975,000","3,975,000"
BROOKLYN,DOWNTOWN-FULTON MALL,02-TWO FAMILY DWELLINGS,5,"2,925,000","4,995,000","4,300,000","9,000,000"
BROOKLYN,DOWNTOWN-METROTECH,01-ONE FAMILY DWELLINGS,1,"2,999,000","2,999,000","2,999,000","2,999,000"
BROOKLYN,DOWNTOWN-METROTECH,03-THREE FAMILY DWELLINGS,1,"2,700,000","2,700,000","2,700,000","2,700,000"
BROOKLYN,DYKER HEIGHTS,01-ONE FAMILY DWELLINGS,95,"280,000","1,034,984","960,000","2,810,000"
BROOKLYN,DYKER HEIGHTS,02-TWO FAMILY DWELLINGS,92,"343,507","1,303,325","1,317,500","2,300,000"
BROOKLYN,DYKER HEIGHTS,03-THREE FAMILY DWELLINGS,24,"990,000","1,467,083","1,487,500","1,950,000"
BROOKLYN,EAST NEW YORK,01-ONE FAMILY DWELLINGS,90,"260,000","535,789","542,500","785,000"
BROOKLYN,EAST NEW YORK,02-TWO FAMILY DWELLINGS,203,"285,000","722,897","745,000","1,300,000"
BROOKLYN,EAST NEW YORK,03-THREE FAMILY DWELLINGS,63,"340,000","846,581","845,000","1,347,775"
BROOKLYN,FLATBUSH-CENTRAL,01-ONE FAMILY DWELLINGS,86,"294,000","1,648,740","1,702,500","3,625,000"
BROOKLYN,FLATBUSH-CENTRAL,02-TWO FAMILY DWELLINGS,49,"525,000","1,575,972","1,500,000","3,950,000"
BROOKLYN,FLATBUSH-CENTRAL,03-THREE FAMILY DWELLINGS,12,"200,000","1,054,284","1,110,702","1,985,000"
BROOKLYN,FLATBUSH-EAST,01-ONE FAMILY DWELLINGS,195,"250,000","682,896","678,400","1,300,000"
BROOKLYN,FLATBUSH-EAST,02-TWO FAMILY DWELLINGS,137,"200,000","755,313","720,000","1,795,000"
BROOKLYN,FLATBUSH-EAST,03-THREE FAMILY DWELLINGS,16,"550,000","869,238","874,000","1,340,000"
BROOKLYN,FLATBUSH-LEFFERTS GARDEN,01-ONE FAMILY DWELLINGS,37,"700,000","1,901,512","1,950,000","2,822,000"
BROOKLYN,FLATBUSH-LEFFERTS GARDEN,02-TWO FAMILY DWELLINGS,21,"875,000","1,462,375","1,450,000","2,400,000"
BROOKLYN,FLATBUSH-LEFFERTS GARDEN,03-THREE FAMILY DWELLINGS,13,"995,000","1,371,538","1,450,000","1,805,000"
BROOKLYN,FLATBUSH-NORTH,01-ONE FAMILY DWELLINGS,29,"227,469","666,361","660,000","1,450,000"
BROOKLYN,FLATBUSH-NORTH,02-TWO FAMILY DWELLINGS,59,"354,900","822,490","780,000","1,875,000"
BROOKLYN,FLATBUSH-NORTH,03-THREE FAMILY DWELLINGS,13,"375,000","848,387","920,000","1,230,000"
BROOKLYN,FLATLANDS,01-ONE FAMILY DWELLINGS,53,"207,500","672,998","680,000","957,500"
BROOKLYN,FLATLANDS,02-TWO FAMILY DWELLINGS,37,"400,000","735,641","725,000","999,000"
BROOKLYN,FLATLANDS,03-THREE FAMILY DWELLINGS,4,"825,000","960,000","907,500","1,200,000"
BROOKLYN,FORT GREENE,01-ONE FAMILY DWELLINGS,5,"1,360,000","2,918,500","2,682,500","4,600,000"
BROOKLYN,FORT GREENE,02-TWO FAMILY DWELLINGS,24,"999,999","3,380,833","3,512,500","5,030,000"
BROOKLYN,FORT GREENE,03-THREE FAMILY DWELLINGS,13,"570,000","2,440,769","2,200,000","4,100,000"
BROOKLYN,GERRITSEN BEACH,01-ONE FAMILY DWELLINGS,95,"275,000","577,522","580,000","900,000"
BROOKLYN,GERRITSEN BEACH,02-TWO FAMILY DWELLINGS,11,"300,000","683,727","715,000","900,000"
BROOKLYN,GOWANUS,01-ONE FAMILY DWELLINGS,6,"1,454,000","2,209,000","2,100,000","3,100,000"
BROOKLYN,GOWANUS,02-TWO FAMILY DWELLINGS,26,"940,000","2,292,318","2,042,500","4,200,000"
BROOKLYN,GOWANUS,03-THREE FAMILY DWELLINGS,6,"1,380,000","1,898,333","1,845,000","2,875,000"
BROOKLYN,GRAVESEND,01-ONE FAMILY DWELLINGS,69,"200,500","883,106","870,000","2,015,000"
BROOKLYN,GRAVESEND,02-TWO FAMILY DWELLINGS,131,"350,000","1,093,374","999,000","1,830,000"
BROOKLYN,GRAVESEND,03-THREE FAMILY DWELLINGS,54,"495,000","1,383,636","1,457,500","2,242,000"
BROOKLYN,GREENPOINT,01-ONE FAMILY DWELLINGS,21,"975,000","2,177,643","1,715,000","4,900,000"
BROOKLYN,GREENPOINT,02-TWO FAMILY DWELLINGS,45,"990,000","1,974,356","1,850,000","4,195,000"
BROOKLYN,GREENPOINT,03-THREE FAMILY DWELLINGS,33,"450,000","1,956,153","1,850,000","4,400,000"
BROOKLYN,KENSINGTON,01-ONE FAMILY DWELLINGS,12,"700,000","1,285,885","1,325,061","1,875,000"
BROOKLYN,KENSINGTON,02-TWO FAMILY DWELLINGS,17,"1,112,500","1,592,382","1,595,000","2,350,000"
BROOKLYN,KENSINGTON,03-THREE FAMILY DWELLINGS,8,"400,000","1,350,000","1,452,500","1,730,000"
BROOKLYN,MADISON,01-ONE FAMILY DWELLINGS,111,"373,000","1,087,097","970,000","2,600,000"
BROOKLYN,MADISON,02-TWO FAMILY DWELLINGS,66,"382,407","1,205,177","1,087,500","2,940,000"
BROOKLYN,MADISON,03-THREE FAMILY DWELLINGS,6,"1,100,000","1,459,333","1,438,000","1,900,000"
BROOKLYN,MANHATTAN BEACH,01-ONE FAMILY DWELLINGS,32,"255,528","1,820,265","1,692,500","4,750,000"
BROOKLYN,MANHATTAN BEACH,02-TWO FAMILY DWELLINGS,11,"880,000","1,338,091","1,300,000","1,999,999"
BROOKLYN,MANHATTAN BEACH,03-THREE FAMILY DWELLINGS,1,"2,510,000","2,510,000","2,510,000","2,510,000"
BROOKLYN,MARINE PARK,01-ONE FAMILY DWELLINGS,212,"290,000","735,583","720,000","2,160,000"
BROOKLYN,MARINE PARK,02-TWO FAMILY DWELLINGS,68,"424,000","825,471","825,000","1,250,000"
BROOKLYN,MARINE PARK,03-THREE FAMILY DWELLINGS,6,"210,000","692,667","670,500","1,225,000"
BROOKLYN,MIDWOOD,01-ONE FAMILY DWELLINGS,145,"325,000","1,208,845","999,000","7,200,000"
BROOKLYN,MIDWOOD,02-TWO FAMILY DWELLINGS,50,"450,000","1,226,299","1,250,000","2,770,000"
BROOKLYN,MIDWOOD,03-THREE FAMILY DWELLINGS,9,"700,000","1,249,222","1,225,000","1,615,000"
BROOKLYN,MILL BASIN,01-ONE FAMILY DWELLINGS,56,"213,900","1,122,892","982,500","7,200,000"
BROOKLYN,MILL BASIN,02-TWO FAMILY DWELLINGS,41,"462,500","1,006,280","980,000","1,895,000"
BROOKLYN,NAVY YARD,01-ONE FAMILY DWELLINGS,3,"1,800,000","2,306,667","2,370,000","2,750,000"
BROOKLYN,NAVY YARD,03-THREE FAMILY DWELLINGS,1,"1,250,000","1,250,000","1,250,000","1,250,000"
BROOKLYN,OCEAN HILL,01-ONE FAMILY DWELLINGS,7,"250,000","890,143","912,000","1,650,000"
BROOKLYN,OCEAN HILL,02-TWO FAMILY DWELLINGS,86,"232,750","1,093,499","1,027,500","2,300,000"
BROOKLYN,OCEAN HILL,03-THREE FAMILY DWELLINGS,38,"370,000","1,110,531","1,100,000","2,110,000"
BROOKLYN,OCEAN PARKWAY-NORTH,01-ONE FAMILY DWELLINGS,109,"613,000","1,890,028","1,500,000","6,900,000"
BROOKLYN,OCEAN PARKWAY-NORTH,02-TWO FAMILY DWELLINGS,107,"700,000","1,853,580","1,550,000","8,000,000"
BROOKLYN,OCEAN PARKWAY-NORTH,03-THREE FAMILY DWELLINGS,18,"935,000","1,987,775","1,697,500","3,300,000"
BROOKLYN,OCEAN PARKWAY-SOUTH,01-ONE FAMILY DWELLINGS,53,"690,000","2,807,085","2,375,000","9,250,000"
BROOKLYN,OCEAN PARKWAY-SOUTH,02-TWO FAMILY DWELLINGS,89,"200,000","1,258,635","1,050,000","4,260,000"
BROOKLYN,OCEAN PARKWAY-SOUTH,03-THREE FAMILY DWELLINGS,17,"770,000","1,414,647","1,260,000","2,750,000"
BROOKLYN,OLD MILL BASIN,01-ONE FAMILY DWELLINGS,93,"226,000","616,644","637,500","920,000"
BROOKLYN,OLD MILL BASIN,02-TWO FAMILY DWELLINGS,47,"270,000","753,009","785,000","1,120,000"
BROOKLYN,OLD MILL BASIN,03-THREE FAMILY DWELLINGS,8,"697,630","957,079","975,000","1,100,000"
BROOKLYN,PARK SLOPE,01-ONE FAMILY DWELLINGS,23,"2,525,000","4,566,217","4,350,000","8,000,000"
BROOKLYN,PARK SLOPE,02-TWO FAMILY DWELLINGS,77,"1,300,000","3,592,595","3,455,000","7,125,000"
BROOKLYN,PARK SLOPE,03-THREE FAMILY DWELLINGS,35,"202,150","2,814,076","2,750,000","5,205,000"
BROOKLYN,PARK SLOPE SOUTH,01-ONE FAMILY DWELLINGS,20,"292,305","2,993,890","1,990,000","22,500,000"
BROOKLYN,PARK SLOPE SOUTH,02-TWO FAMILY DWELLINGS,55,"526,827","2,226,731","2,160,000","4,640,000"
BROOKLYN,PARK SLOPE SOUTH,03-THREE FAMILY DWELLINGS,11,"1,100,000","2,196,364","2,018,000","3,950,000"
BROOKLYN,PROSPECT HEIGHTS,01-ONE FAMILY DWELLINGS,7,"1,500,000","2,746,286","2,849,000","3,425,000"
BROOKLYN,PROSPECT HEIGHTS,02-TWO FAMILY DWELLINGS,19,"930,000","2,954,697","2,800,000","4,350,000"
BROOKLYN,PROSPECT HEIGHTS,03-THREE FAMILY DWELLINGS,9,"1,050,000","2,355,556","2,250,000","3,550,000"
BROOKLYN,RED HOOK,01-ONE FAMILY DWELLINGS,4,"2,500,000","2,629,717","2,639,433","2,740,000"
BROOKLYN,RED HOOK,02-TWO FAMILY DWELLINGS,10,"780,000","1,638,900","1,565,000","2,675,000"
BROOKLYN,RED HOOK,03-THREE FAMILY DWELLINGS,2,"1,125,000","1,197,500","1,197,500","1,270,000"
BROOKLYN,SEAGATE,01-ONE FAMILY DWELLINGS,9,"475,000","848,591","687,319","2,240,000"
BROOKLYN,SEAGATE,02-TWO FAMILY DWELLINGS,9,"510,000","746,333","695,000","999,000"
BROOKLYN,SEAGATE,03-THREE FAMILY DWELLINGS,5,"220,000","828,000","850,000","1,350,000"
BROOKLYN,SHEEPSHEAD BAY,01-ONE FAMILY DWELLINGS,87,"203,000","814,821","800,000","1,700,000"
BROOKLYN,SHEEPSHEAD BAY,02-TWO FAMILY DWELLINGS,107,"430,000","948,537","930,000","1,950,000"
BROOKLYN,SHEEPSHEAD BAY,03-THREE FAMILY DWELLINGS,17,"930,000","1,157,779","1,080,000","1,650,000"
BROOKLYN,SPRING CREEK,01-ONE FAMILY DWELLINGS,21,"545,000","548,670","547,180","570,000"
BROOKLYN,SPRING CREEK,02-TWO FAMILY DWELLINGS,3,"641,431","674,898","691,631","691,631"
BROOKLYN,SUNSET PARK,01-ONE FAMILY DWELLINGS,11,"720,000","1,409,981","1,352,000","2,262,500"
BROOKLYN,SUNSET PARK,02-TWO FAMILY DWELLINGS,121,"225,000","1,605,168","1,330,000","14,840,000"
BROOKLYN,SUNSET PARK,03-THREE FAMILY DWELLINGS,44,"200,062","1,248,456","1,326,000","1,790,000"
BROOKLYN,WILLIAMSBURG-CENTRAL,01-ONE FAMILY DWELLINGS,1,"1,540,000","1,540,000","1,540,000","1,540,000"
BROOKLYN,WILLIAMSBURG-CENTRAL,02-TWO FAMILY DWELLINGS,7,"363,231","996,069","990,500","2,000,000"
BROOKLYN,WILLIAMSBURG-CENTRAL,03-THREE FAMILY DWELLINGS,8,"300,000","1,024,998","825,000","1,850,000"
BROOKLYN,WILLIAMSBURG-EAST,01-ONE FAMILY DWELLINGS,15,"850,000","1,799,667","1,600,000","3,350,000"
BROOKLYN,WILLIAMSBURG-EAST,02-TWO FAMILY DWELLINGS,43,"400,000","1,737,791","1,725,000","3,350,000"
BROOKLYN,WILLIAMSBURG-EAST,03-THREE FAMILY DWELLINGS,17,"1,625,000","2,239,706","2,050,000","3,200,000"
BROOKLYN,WILLIAMSBURG-NORTH,01-ONE FAMILY DWELLINGS,5,"1,300,000","2,235,000","2,100,000","3,700,000"
BROOKLYN,WILLIAMSBURG-NORTH,02-TWO FAMILY DWELLINGS,11,"1,500,000","6,568,545","2,550,000","20,500,000"
BROOKLYN,WILLIAMSBURG-NORTH,03-THREE FAMILY DWELLINGS,1,"2,807,900","2,807,900","2,807,900","2,807,900"
BROOKLYN,WILLIAMSBURG-SOUTH,01-ONE FAMILY DWELLINGS,2,"2,650,000","3,575,000","3,575,000","4,500,000"
BROOKLYN,WILLIAMSBURG-SOUTH,02-TWO FAMILY DWELLINGS,8,"450,500","2,168,813","2,047,500","3,800,000"
BROOKLYN,WILLIAMSBURG-SOUTH,03-THREE FAMILY DWELLINGS,5,"917,800","1,598,398","1,600,000","2,500,000"
BROOKLYN,WINDSOR TERRACE,01-ONE FAMILY DWELLINGS,30,"550,000","1,774,317","1,635,000","3,470,000"
BROOKLYN,WINDSOR TERRACE,02-TWO FAMILY DWELLINGS,33,"575,000","1,740,399","1,650,000","3,500,000"
BROOKLYN,WINDSOR TERRACE,03-THREE FAMILY DWELLINGS,6,"1,562,500","2,207,917","2,360,000","2,615,000"
BROOKLYN,WYCKOFF HEIGHTS,01-ONE FAMILY DWELLINGS,7,"725,000","1,041,214","1,100,000","1,325,000"
BROOKLYN,WYCKOFF HEIGHTS,02-TWO FAMILY DWELLINGS,11,"465,000","1,237,364","1,220,000","1,895,000"
BROOKLYN,WYCKOFF HEIGHTS,03-THREE FAMILY DWELLINGS,8,"1,030,000","1,445,537","1,375,000","1,975,000"
,,,,,,,
,,,,,,,
NEW YORK CITY DEPARTMENT OF FINANCE,,,,,,,
"QUEENS - All 1-, 2-, and 3-Family Homes Sales From January 1, 2021 to December 31, 2021.",,,,,,,
"Sale Price Equal or More than $200,000.",,,,,,,
Property Tax System (PTS) data as of 04/11/2022.,,,,,,,
Building Class Category for Sales is based on Building Class at Time of Sale.,,,,,,,
,,,,,,,
BOROUGH,NEIGHBORHOOD,BUILDING CLASS CATEGORY,NUMBER OF SALES,MINIMUM SALE PRICE,AVERAGE SALE PRICE,MEDIAN SALE PRICE,MAXIMUM SALE PRICE
,,,,,,,
QUEENS,AIRPORT LA GUARDIA,01-ONE FAMILY DWELLINGS,4,"800,000","875,000","875,000","950,000"
QUEENS,AIRPORT LA GUARDIA,02-TWO FAMILY DWELLINGS,1,"805,000","805,000","805,000","805,000"
QUEENS,ARVERNE,01-ONE FAMILY DWELLINGS,27,"205,000","427,679","441,000","735,000"
QUEENS,ARVERNE,02-TWO FAMILY DWELLINGS,85,"260,925","655,912","662,500","1,200,000"
QUEENS,ARVERNE,03-THREE FAMILY DWELLINGS,5,"532,365","632,473","645,000","700,000"
QUEENS,ASTORIA,01-ONE FAMILY DWELLINGS,66,"400,000","1,019,123","965,000","1,700,000"
QUEENS,ASTORIA,02-TWO FAMILY DWELLINGS,145,"220,000","1,222,735","1,200,000","2,900,000"
QUEENS,ASTORIA,03-THREE FAMILY DWELLINGS,57,"300,000","1,312,987","1,365,000","1,817,500"
QUEENS,BAYSIDE,01-ONE FAMILY DWELLINGS,392,"220,000","963,879","902,750","2,460,000"
QUEENS,BAYSIDE,02-TWO FAMILY DWELLINGS,115,"200,000","1,223,084","1,297,000","1,955,040"
QUEENS,BAYSIDE,03-THREE FAMILY DWELLINGS,21,"200,000","1,270,161","1,330,000","1,825,000"
QUEENS,BEECHHURST,01-ONE FAMILY DWELLINGS,65,"200,000","1,099,095","999,999","2,630,000"
QUEENS,BEECHHURST,02-TWO FAMILY DWELLINGS,7,"1,130,000","1,236,429","1,235,000","1,380,000"
QUEENS,BELLE HARBOR,01-ONE FAMILY DWELLINGS,38,"400,000","1,039,355","989,000","1,720,000"
QUEENS,BELLE HARBOR,02-TWO FAMILY DWELLINGS,24,"677,250","1,111,459","992,000","1,883,763"
QUEENS,BELLE HARBOR,03-THREE FAMILY DWELLINGS,2,"1,150,000","1,150,000","1,150,000","1,150,000"
QUEENS,BELLEROSE,01-ONE FAMILY DWELLINGS,137,"224,000","684,842","675,000","1,238,000"
QUEENS,BELLEROSE,02-TWO FAMILY DWELLINGS,29,"362,500","776,569","751,000","1,348,000"
QUEENS,BELLEROSE,03-THREE FAMILY DWELLINGS,4,"976,000","987,250","987,500","998,000"
QUEENS,BREEZY POINT,01-ONE FAMILY DWELLINGS,78,"200,000","655,367","625,000","1,250,000"
QUEENS,BRIARWOOD,01-ONE FAMILY DWELLINGS,29,"560,000","773,948","750,000","1,050,000"
QUEENS,BRIARWOOD,02-TWO FAMILY DWELLINGS,6,"600,000","961,750","1,007,750","1,145,000"
QUEENS,BRIARWOOD,03-THREE FAMILY DWELLINGS,6,"969,000","1,139,333","992,500","1,545,000"
QUEENS,BROAD CHANNEL,01-ONE FAMILY DWELLINGS,31,"215,000","424,468","400,000","690,000"
QUEENS,BROAD CHANNEL,02-TWO FAMILY DWELLINGS,4,"334,500","496,125","500,000","650,000"
QUEENS,CAMBRIA HEIGHTS,01-ONE FAMILY DWELLINGS,104,"200,000","561,066","582,500","998,000"
QUEENS,CAMBRIA HEIGHTS,02-TWO FAMILY DWELLINGS,7,"427,500","613,929","620,000","890,000"
QUEENS,COLLEGE POINT,01-ONE FAMILY DWELLINGS,79,"207,552","766,232","728,000","1,800,000"
QUEENS,COLLEGE POINT,02-TWO FAMILY DWELLINGS,102,"350,000","996,700","980,000","1,600,000"
QUEENS,COLLEGE POINT,03-THREE FAMILY DWELLINGS,15,"384,000","1,094,982","1,000,000","1,720,000"
QUEENS,CORONA,01-ONE FAMILY DWELLINGS,22,"480,000","725,155","749,000","985,000"
QUEENS,CORONA,02-TWO FAMILY DWELLINGS,74,"355,000","1,041,674","992,500","1,950,000"
QUEENS,CORONA,03-THREE FAMILY DWELLINGS,60,"240,000","1,145,026","1,225,900","1,771,755"
QUEENS,DOUGLASTON,01-ONE FAMILY DWELLINGS,99,"440,000","1,110,767","995,000","2,850,000"
QUEENS,DOUGLASTON,02-TWO FAMILY DWELLINGS,12,"705,000","1,113,292","1,127,500","1,468,500"
QUEENS,EAST ELMHURST,01-ONE FAMILY DWELLINGS,37,"400,000","712,199","700,000","1,030,000"
QUEENS,EAST ELMHURST,02-TWO FAMILY DWELLINGS,40,"330,000","1,003,722","992,500","1,476,463"
QUEENS,EAST ELMHURST,03-THREE FAMILY DWELLINGS,12,"710,000","1,148,417","1,181,500","1,580,000"
QUEENS,ELMHURST,01-ONE FAMILY DWELLINGS,66,"350,000","835,022","846,500","1,500,000"
QUEENS,ELMHURST,02-TWO FAMILY DWELLINGS,80,"200,000","1,032,451","990,000","1,638,000"
QUEENS,ELMHURST,03-THREE FAMILY DWELLINGS,46,"300,000","1,262,113","1,345,000","1,780,000"
QUEENS,FAR ROCKAWAY,01-ONE FAMILY DWELLINGS,85,"210,000","658,382","565,000","2,100,000"
QUEENS,FAR ROCKAWAY,02-TWO FAMILY DWELLINGS,70,"200,000","650,964","621,500","1,275,000"
QUEENS,FAR ROCKAWAY,03-THREE FAMILY DWELLINGS,26,"200,000","753,249","766,000","1,300,000"
QUEENS,FLORAL PARK,01-ONE FAMILY DWELLINGS,127,"200,000","757,889","735,000","1,450,000"
QUEENS,FLORAL PARK,02-TWO FAMILY DWELLINGS,4,"900,000","918,750","922,500","930,000"
QUEENS,FLORAL PARK,03-THREE FAMILY DWELLINGS,1,"940,000","940,000","940,000","940,000"
QUEENS,FLUSHING-NORTH,01-ONE FAMILY DWELLINGS,533,"200,000","990,340","935,000","6,600,000"
QUEENS,FLUSHING-NORTH,02-TWO FAMILY DWELLINGS,181,"223,080","1,230,706","1,288,000","2,200,000"
QUEENS,FLUSHING-NORTH,03-THREE FAMILY DWELLINGS,53,"668,000","1,526,317","1,570,000","2,360,000"
QUEENS,FLUSHING-SOUTH,01-ONE FAMILY DWELLINGS,245,"215,000","905,367","855,000","2,300,000"
QUEENS,FLUSHING-SOUTH,02-TWO FAMILY DWELLINGS,62,"365,000","1,148,597","1,153,000","1,800,000"
QUEENS,FLUSHING-SOUTH,03-THREE FAMILY DWELLINGS,19,"910,000","1,440,384","1,280,000","1,914,310"
QUEENS,FOREST HILLS,01-ONE FAMILY DWELLINGS,156,"279,000","1,375,515","1,145,000","4,000,000"
QUEENS,FOREST HILLS,02-TWO FAMILY DWELLINGS,20,"700,000","1,042,840","969,944","1,633,000"
QUEENS,FOREST HILLS,03-THREE FAMILY DWELLINGS,3,"415,000","630,000","485,000","990,000"
QUEENS,FRESH MEADOWS,01-ONE FAMILY DWELLINGS,93,"240,000","990,478","977,000","1,850,000"
QUEENS,FRESH MEADOWS,02-TWO FAMILY DWELLINGS,13,"888,000","1,106,769","1,100,000","1,490,000"
QUEENS,FRESH MEADOWS,03-THREE FAMILY DWELLINGS,1,"1,360,000","1,360,000","1,360,000","1,360,000"
QUEENS,GLEN OAKS,01-ONE FAMILY DWELLINGS,25,"200,000","702,400","710,000","1,200,000"
QUEENS,GLEN OAKS,02-TWO FAMILY DWELLINGS,1,"1,150,000","1,150,000","1,150,000","1,150,000"
QUEENS,GLENDALE,01-ONE FAMILY DWELLINGS,98,"300,000","737,780","715,000","1,240,000"
QUEENS,GLENDALE,02-TWO FAMILY DWELLINGS,125,"300,000","844,470","850,000","1,280,000"
QUEENS,GLENDALE,03-THREE FAMILY DWELLINGS,20,"300,000","929,328","912,500","1,360,000"
QUEENS,HAMMELS,01-ONE FAMILY DWELLINGS,14,"241,200","537,979","527,250","1,065,000"
QUEENS,HAMMELS,02-TWO FAMILY DWELLINGS,12,"361,600","757,092","811,000","866,000"
QUEENS,HILLCREST,01-ONE FAMILY DWELLINGS,36,"496,860","744,586","720,250","1,050,000"
QUEENS,HILLCREST,02-TWO FAMILY DWELLINGS,3,"650,000","755,000","765,000","850,000"
QUEENS,HOLLIS,01-ONE FAMILY DWELLINGS,193,"213,747","625,687","645,000","1,180,000"
QUEENS,HOLLIS,02-TWO FAMILY DWELLINGS,79,"212,000","723,212","750,000","1,295,000"
QUEENS,HOLLIS,03-THREE FAMILY DWELLINGS,9,"865,000","1,000,000","990,000","1,190,000"
QUEENS,HOLLIS HILLS,01-ONE FAMILY DWELLINGS,41,"637,500","1,148,395","980,000","2,500,000"
QUEENS,HOLLISWOOD,01-ONE FAMILY DWELLINGS,38,"578,500","1,219,196","1,080,000","2,200,000"
QUEENS,HOLLISWOOD,02-TWO FAMILY DWELLINGS,4,"940,000","1,409,750","1,350,000","1,999,000"
QUEENS,HOLLISWOOD,03-THREE FAMILY DWELLINGS,2,"200,000","577,500","577,500","955,000"
QUEENS,HOWARD BEACH,01-ONE FAMILY DWELLINGS,152,"210,000","762,852","767,500","1,625,000"
QUEENS,HOWARD BEACH,02-TWO FAMILY DWELLINGS,61,"200,000","866,754","900,000","1,450,000"
QUEENS,HOWARD BEACH,03-THREE FAMILY DWELLINGS,5,"668,000","932,200","985,000","1,050,000"
QUEENS,JACKSON HEIGHTS,01-ONE FAMILY DWELLINGS,92,"590,000","910,642","860,000","2,100,000"
QUEENS,JACKSON HEIGHTS,02-TWO FAMILY DWELLINGS,86,"200,000","929,185","910,000","1,538,000"
QUEENS,JACKSON HEIGHTS,03-THREE FAMILY DWELLINGS,35,"890,000","1,247,200","1,245,000","1,700,000"
QUEENS,JAMAICA,01-ONE FAMILY DWELLINGS,27,"305,000","760,133","675,000","1,653,000"
QUEENS,JAMAICA,02-TWO FAMILY DWELLINGS,35,"215,000","834,197","825,000","2,750,000"
QUEENS,JAMAICA,03-THREE FAMILY DWELLINGS,16,"720,000","1,139,625","1,150,000","1,550,000"
QUEENS,JAMAICA BAY,01-ONE FAMILY DWELLINGS,9,"321,000","517,667","525,000","760,000"
QUEENS,JAMAICA BAY,02-TWO FAMILY DWELLINGS,5,"405,000","656,280","720,000","740,000"
QUEENS,JAMAICA ESTATES,01-ONE FAMILY DWELLINGS,65,"230,000","1,362,108","1,250,000","3,600,000"
QUEENS,JAMAICA ESTATES,02-TWO FAMILY DWELLINGS,3,"250,000","871,667","880,000","1,485,000"
QUEENS,JAMAICA HILLS,01-ONE FAMILY DWELLINGS,31,"580,000","807,992","800,000","1,030,000"
QUEENS,JAMAICA HILLS,02-TWO FAMILY DWELLINGS,19,"626,000","1,027,868","980,000","1,800,000"
QUEENS,JAMAICA HILLS,03-THREE FAMILY DWELLINGS,7,"800,000","1,059,000","1,100,000","1,460,000"
QUEENS,KEW GARDENS,01-ONE FAMILY DWELLINGS,31,"319,000","1,088,419","1,200,000","1,800,000"
QUEENS,KEW GARDENS,02-TWO FAMILY DWELLINGS,16,"659,600","870,756","833,500","1,300,000"
QUEENS,KEW GARDENS,03-THREE FAMILY DWELLINGS,8,"275,000","1,126,563","1,093,750","2,080,000"
QUEENS,LAURELTON,01-ONE FAMILY DWELLINGS,145,"237,500","577,464","599,000","950,000"
QUEENS,LAURELTON,02-TWO FAMILY DWELLINGS,46,"246,500","698,185","695,000","1,260,000"
QUEENS,LAURELTON,03-THREE FAMILY DWELLINGS,1,"474,900","474,900","474,900","474,900"
QUEENS,LITTLE NECK,01-ONE FAMILY DWELLINGS,107,"200,000","1,042,145","950,000","2,321,610"
QUEENS,LITTLE NECK,02-TWO FAMILY DWELLINGS,10,"930,000","1,429,673","1,341,444","2,189,238"
QUEENS,LITTLE NECK,03-THREE FAMILY DWELLINGS,2,"1,260,000","1,280,000","1,280,000","1,300,000"
QUEENS,LONG ISLAND CITY,01-ONE FAMILY DWELLINGS,6,"835,000","1,634,167","1,062,500","3,500,000"
QUEENS,LONG ISLAND CITY,02-TWO FAMILY DWELLINGS,19,"611,500","1,427,225","1,225,000","2,600,000"
QUEENS,LONG ISLAND CITY,03-THREE FAMILY DWELLINGS,5,"1,100,000","1,438,400","1,400,000","1,950,000"
QUEENS,MASPETH,01-ONE FAMILY DWELLINGS,114,"230,000","734,212","760,000","1,200,000"
QUEENS,MASPETH,02-TWO FAMILY DWELLINGS,109,"285,662","950,218","905,000","2,350,000"
QUEENS,MASPETH,03-THREE FAMILY DWELLINGS,16,"975,000","1,190,750","1,137,500","1,630,000"
QUEENS,MIDDLE VILLAGE,01-ONE FAMILY DWELLINGS,216,"267,142","770,749","770,000","1,450,000"
QUEENS,MIDDLE VILLAGE,02-TWO FAMILY DWELLINGS,121,"415,000","953,970","905,000","2,700,000"
QUEENS,MIDDLE VILLAGE,03-THREE FAMILY DWELLINGS,27,"500,000","1,167,335","1,200,000","1,685,000"
QUEENS,NEPONSIT,01-ONE FAMILY DWELLINGS,21,"325,000","1,252,381","1,100,000","3,300,000"
QUEENS,NEPONSIT,02-TWO FAMILY DWELLINGS,1,"975,000","975,000","975,000","975,000"
QUEENS,OAKLAND GARDENS,01-ONE FAMILY DWELLINGS,71,"660,000","963,293","938,000","1,790,000"
QUEENS,OAKLAND GARDENS,02-TWO FAMILY DWELLINGS,13,"471,352","1,287,095","1,318,000","1,940,000"
QUEENS,OAKLAND GARDENS,03-THREE FAMILY DWELLINGS,2,"1,300,000","1,340,000","1,340,000","1,380,000"
QUEENS,OZONE PARK,01-ONE FAMILY DWELLINGS,122,"234,234","624,378","631,000","1,650,000"
QUEENS,OZONE PARK,02-TWO FAMILY DWELLINGS,127,"250,000","836,895","775,000","4,200,000"
QUEENS,OZONE PARK,03-THREE FAMILY DWELLINGS,21,"725,000","907,155","930,000","1,090,000"
QUEENS,QUEENS VILLAGE,01-ONE FAMILY DWELLINGS,296,"200,000","625,240","637,500","995,000"
QUEENS,QUEENS VILLAGE,02-TWO FAMILY DWELLINGS,86,"220,000","734,813","760,000","1,400,000"
QUEENS,QUEENS VILLAGE,03-THREE FAMILY DWELLINGS,5,"740,000","878,423","862,113","1,050,000"
QUEENS,REGO PARK,01-ONE FAMILY DWELLINGS,63,"350,000","938,335","885,000","1,775,000"
QUEENS,REGO PARK,02-TWO FAMILY DWELLINGS,25,"700,000","1,027,200","878,000","1,850,000"
QUEENS,REGO PARK,03-THREE FAMILY DWELLINGS,7,"850,000","1,095,000","1,080,000","1,360,000"
QUEENS,RICHMOND HILL,01-ONE FAMILY DWELLINGS,184,"300,000","632,124","625,000","1,235,000"
QUEENS,RICHMOND HILL,02-TWO FAMILY DWELLINGS,178,"247,500","835,445","820,000","1,820,000"
QUEENS,RICHMOND HILL,03-THREE FAMILY DWELLINGS,19,"660,000","989,000","962,000","1,325,000"
QUEENS,RIDGEWOOD,01-ONE FAMILY DWELLINGS,22,"350,000","788,886","850,000","1,185,000"
QUEENS,RIDGEWOOD,02-TWO FAMILY DWELLINGS,89,"480,000","1,015,153","990,000","2,000,000"
QUEENS,RIDGEWOOD,03-THREE FAMILY DWELLINGS,31,"450,000","1,087,226","1,071,000","1,550,000"
QUEENS,ROCKAWAY PARK,01-ONE FAMILY DWELLINGS,7,"205,000","672,429","520,000","1,450,000"
QUEENS,ROCKAWAY PARK,02-TWO FAMILY DWELLINGS,11,"450,000","812,727","830,000","1,250,000"
QUEENS,ROCKAWAY PARK,03-THREE FAMILY DWELLINGS,7,"605,000","938,214","900,000","1,195,000"
QUEENS,ROSEDALE,01-ONE FAMILY DWELLINGS,138,"245,000","624,894","594,000","1,280,000"
QUEENS,ROSEDALE,02-TWO FAMILY DWELLINGS,123,"300,000","805,016","850,000","1,175,000"
QUEENS,ROSEDALE,03-THREE FAMILY DWELLINGS,10,"480,000","747,648","795,000","925,000"
QUEENS,SO. JAMAICA-BAISLEY PARK,01-ONE FAMILY DWELLINGS,262,"200,000","542,378","540,000","1,150,000"
QUEENS,SO. JAMAICA-BAISLEY PARK,02-TWO FAMILY DWELLINGS,89,"250,000","769,187","820,000","1,099,710"
QUEENS,SOUTH JAMAICA,01-ONE FAMILY DWELLINGS,142,"200,000","539,172","547,500","1,150,000"
QUEENS,SOUTH JAMAICA,02-TWO FAMILY DWELLINGS,113,"225,000","715,595","740,000","1,090,000"
QUEENS,SOUTH JAMAICA,03-THREE FAMILY DWELLINGS,12,"350,000","738,376","722,500","1,120,000"
QUEENS,SOUTH OZONE PARK,01-ONE FAMILY DWELLINGS,188,"215,000","620,596","616,000","1,330,000"
QUEENS,SOUTH OZONE PARK,02-TWO FAMILY DWELLINGS,111,"318,000","791,788","775,000","1,250,000"
QUEENS,SOUTH OZONE PARK,03-THREE FAMILY DWELLINGS,7,"275,000","543,571","350,000","950,000"
QUEENS,SPRINGFIELD GARDENS,01-ONE FAMILY DWELLINGS,219,"240,000","571,754","563,000","1,220,000"
QUEENS,SPRINGFIELD GARDENS,02-TWO FAMILY DWELLINGS,112,"350,000","766,722","783,000","1,200,000"
QUEENS,SPRINGFIELD GARDENS,03-THREE FAMILY DWELLINGS,5,"325,000","674,000","780,000","890,000"
QUEENS,ST. ALBANS,01-ONE FAMILY DWELLINGS,293,"220,000","573,164","575,000","1,374,243"
QUEENS,ST. ALBANS,02-TWO FAMILY DWELLINGS,114,"211,975","719,297","715,250","1,252,448"
QUEENS,ST. ALBANS,03-THREE FAMILY DWELLINGS,5,"220,170","582,034","640,000","865,000"
QUEENS,SUNNYSIDE,01-ONE FAMILY DWELLINGS,19,"397,000","963,895","972,000","1,388,000"
QUEENS,SUNNYSIDE,02-TWO FAMILY DWELLINGS,26,"400,000","1,133,288","1,094,000","1,505,000"
QUEENS,SUNNYSIDE,03-THREE FAMILY DWELLINGS,5,"955,000","1,319,000","1,250,000","1,920,000"
QUEENS,WHITESTONE,01-ONE FAMILY DWELLINGS,179,"300,000","1,046,774","940,000","2,793,000"
QUEENS,WHITESTONE,02-TWO FAMILY DWELLINGS,60,"400,000","1,234,393","1,280,000","1,970,000"
QUEENS,WHITESTONE,03-THREE FAMILY DWELLINGS,4,"1,238,000","1,394,500","1,395,000","1,550,000"
QUEENS,WOODHAVEN,01-ONE FAMILY DWELLINGS,127,"235,000","639,343","630,000","1,050,000"
QUEENS,WOODHAVEN,02-TWO FAMILY DWELLINGS,113,"209,000","811,503","830,000","1,300,000"
QUEENS,WOODHAVEN,03-THREE FAMILY DWELLINGS,15,"400,000","960,000","975,000","1,300,000"
QUEENS,WOODSIDE,01-ONE FAMILY DWELLINGS,29,"395,000","825,508","850,000","1,070,000"
QUEENS,WOODSIDE,02-TWO FAMILY DWELLINGS,31,"500,000","1,005,194","995,000","1,450,000"
QUEENS,WOODSIDE,03-THREE FAMILY DWELLINGS,13,"495,000","1,175,195","1,379,000","1,648,156"
,,,,,,,
,,,,,,,
NEW YORK CITY DEPARTMENT OF FINANCE,,,,,,,
"STATEN ISLAND - All 1-, 2-, and 3-Family Homes Sales From January 1, 2021 to December 31, 2021.",,,,,,,
"Sale Price Equal or More than $200,000.",,,,,,,
Property Tax System (PTS) data as of 04/11/2022.,,,,,,,
Building Class Category for Sales is based on Building Class at Time of Sale.,,,,,,,
,,,,,,,
BOROUGH,NEIGHBORHOOD,BUILDING CLASS CATEGORY,NUMBER OF SALES,MINIMUM SALE PRICE,AVERAGE SALE PRICE,MEDIAN SALE PRICE,MAXIMUM SALE PRICE
,,,,,,,
STATEN ISLAND,ANNADALE,01-ONE FAMILY DWELLINGS,98,"265,000","840,659","742,500","2,900,000"
STATEN ISLAND,ANNADALE,02-TWO FAMILY DWELLINGS,41,"208,000","922,894","948,324","1,480,000"
STATEN ISLAND,ANNADALE,03-THREE FAMILY DWELLINGS,2,"660,000","825,000","825,000","990,000"
STATEN ISLAND,ARDEN HEIGHTS,01-ONE FAMILY DWELLINGS,244,"230,000","481,923","470,000","1,115,000"
STATEN ISLAND,ARDEN HEIGHTS,02-TWO FAMILY DWELLINGS,32,"440,000","785,850","815,000","1,183,000"
STATEN ISLAND,ARROCHAR,01-ONE FAMILY DWELLINGS,15,"439,000","672,393","580,000","1,260,000"
STATEN ISLAND,ARROCHAR,02-TWO FAMILY DWELLINGS,6,"635,000","776,500","730,000","999,000"
STATEN ISLAND,ARROCHAR,03-THREE FAMILY DWELLINGS,1,"999,000","999,000","999,000","999,000"
STATEN ISLAND,ARROCHAR-SHORE ACRES,01-ONE FAMILY DWELLINGS,8,"400,000","813,438","616,250","2,100,000"
STATEN ISLAND,ARROCHAR-SHORE ACRES,02-TWO FAMILY DWELLINGS,4,"560,000","617,500","625,000","660,000"
STATEN ISLAND,BLOOMFIELD,01-ONE FAMILY DWELLINGS,2,"813,000","865,000","865,000","917,000"
STATEN ISLAND,BLOOMFIELD,02-TWO FAMILY DWELLINGS,1,"1,400,000","1,400,000","1,400,000","1,400,000"
STATEN ISLAND,BULLS HEAD,01-ONE FAMILY DWELLINGS,128,"250,000","532,726","527,718","999,995"
STATEN ISLAND,BULLS HEAD,02-TWO FAMILY DWELLINGS,68,"425,000","722,037","715,000","1,265,000"
STATEN ISLAND,BULLS HEAD,03-THREE FAMILY DWELLINGS,2,"715,000","818,000","818,000","921,000"
STATEN ISLAND,CASTLETON CORNERS,01-ONE FAMILY DWELLINGS,114,"386,500","621,833","611,000","1,109,892"
STATEN ISLAND,CASTLETON CORNERS,02-TWO FAMILY DWELLINGS,36,"328,000","664,854","631,250","1,050,000"
STATEN ISLAND,CASTLETON CORNERS,03-THREE FAMILY DWELLINGS,1,"571,000","571,000","571,000","571,000"
STATEN ISLAND,CLOVE LAKES,01-ONE FAMILY DWELLINGS,74,"270,000","687,319","662,500","1,400,000"
STATEN ISLAND,CLOVE LAKES,02-TWO FAMILY DWELLINGS,12,"297,000","667,583","680,000","925,000"
STATEN ISLAND,CONCORD,01-ONE FAMILY DWELLINGS,48,"200,000","443,051","452,500","763,688"
STATEN ISLAND,CONCORD,02-TWO FAMILY DWELLINGS,11,"250,000","485,000","440,000","780,000"
STATEN ISLAND,CONCORD,03-THREE FAMILY DWELLINGS,2,"450,000","617,500","617,500","785,000"
STATEN ISLAND,CONCORD-FOX HILLS,01-ONE FAMILY DWELLINGS,35,"245,683","462,388","450,000","774,000"
STATEN ISLAND,CONCORD-FOX HILLS,02-TWO FAMILY DWELLINGS,1,"530,000","530,000","530,000","530,000"
STATEN ISLAND,DONGAN HILLS,01-ONE FAMILY DWELLINGS,57,"239,476","626,390","614,000","1,302,348"
STATEN ISLAND,DONGAN HILLS,02-TWO FAMILY DWELLINGS,28,"590,000","886,210","837,500","1,275,000"
STATEN ISLAND,DONGAN HILLS,03-THREE FAMILY DWELLINGS,2,"590,000","605,000","605,000","620,000"
STATEN ISLAND,DONGAN HILLS-COLONY,01-ONE FAMILY DWELLINGS,44,"400,000","948,559","765,000","4,350,000"
STATEN ISLAND,DONGAN HILLS-COLONY,02-TWO FAMILY DWELLINGS,5,"520,000","716,600","730,000","823,000"
STATEN ISLAND,DONGAN HILLS-OLD TOWN,01-ONE FAMILY DWELLINGS,3,"400,000","479,000","410,000","627,000"
STATEN ISLAND,ELTINGVILLE,01-ONE FAMILY DWELLINGS,261,"230,000","612,913","610,000","1,100,000"
STATEN ISLAND,ELTINGVILLE,02-TWO FAMILY DWELLINGS,55,"352,507","794,102","780,000","1,250,000"
STATEN ISLAND,EMERSON HILL,01-ONE FAMILY DWELLINGS,21,"630,000","997,405","875,000","2,250,000"
STATEN ISLAND,EMERSON HILL,02-TWO FAMILY DWELLINGS,5,"277,000","718,500","865,000","942,500"
STATEN ISLAND,FRESH KILLS,01-ONE FAMILY DWELLINGS,1,"588,000","588,000","588,000","588,000"
STATEN ISLAND,FRESH KILLS,02-TWO FAMILY DWELLINGS,4,"2,300,000","2,300,000","2,300,000","2,300,000"
STATEN ISLAND,GRANT CITY,01-ONE FAMILY DWELLINGS,62,"352,000","681,939","620,000","1,600,000"
STATEN ISLAND,GRANT CITY,02-TWO FAMILY DWELLINGS,20,"356,011","810,546","724,500","1,550,000"
STATEN ISLAND,GRASMERE,01-ONE FAMILY DWELLINGS,61,"376,000","819,775","670,000","3,300,000"
STATEN ISLAND,GRASMERE,02-TWO FAMILY DWELLINGS,6,"450,000","663,083","604,750","950,000"
STATEN ISLAND,GREAT KILLS,01-ONE FAMILY DWELLINGS,484,"200,000","592,874","586,550","1,400,000"
STATEN ISLAND,GREAT KILLS,02-TWO FAMILY DWELLINGS,150,"237,500","792,095","772,500","1,250,000"
STATEN ISLAND,GREAT KILLS,03-THREE FAMILY DWELLINGS,2,"671,500","715,750","715,750","760,000"
STATEN ISLAND,GREAT KILLS-BAY TERRACE,01-ONE FAMILY DWELLINGS,28,"485,000","622,657","597,500","910,000"
STATEN ISLAND,GREAT KILLS-BAY TERRACE,02-TWO FAMILY DWELLINGS,8,"304,000","738,750","795,000","916,000"
STATEN ISLAND,GRYMES HILL,01-ONE FAMILY DWELLINGS,17,"279,000","911,059","900,000","2,500,000"
STATEN ISLAND,GRYMES HILL,02-TWO FAMILY DWELLINGS,5,"559,000","582,915","560,038","655,500"
STATEN ISLAND,HUGUENOT,01-ONE FAMILY DWELLINGS,81,"248,430","782,313","725,000","1,950,000"
STATEN ISLAND,HUGUENOT,02-TWO FAMILY DWELLINGS,45,"320,000","947,145","900,000","1,400,000"
STATEN ISLAND,LIVINGSTON,01-ONE FAMILY DWELLINGS,17,"287,469","558,874","539,000","1,145,000"
STATEN ISLAND,LIVINGSTON,02-TWO FAMILY DWELLINGS,9,"550,000","724,393","699,999","999,537"
STATEN ISLAND,MANOR HEIGHTS,01-ONE FAMILY DWELLINGS,97,"281,750","646,403","633,000","1,450,000"
STATEN ISLAND,MANOR HEIGHTS,02-TWO FAMILY DWELLINGS,24,"550,000","827,701","805,000","1,155,714"
STATEN ISLAND,MARINERS HARBOR,01-ONE FAMILY DWELLINGS,116,"205,000","433,101","441,250","743,000"
STATEN ISLAND,MARINERS HARBOR,02-TWO FAMILY DWELLINGS,37,"246,500","570,755","570,000","825,000"
STATEN ISLAND,MIDLAND BEACH,01-ONE FAMILY DWELLINGS,167,"220,000","547,446","565,000","840,056"
STATEN ISLAND,MIDLAND BEACH,02-TWO FAMILY DWELLINGS,31,"240,000","713,753","735,000","983,333"
STATEN ISLAND,MIDLAND BEACH,03-THREE FAMILY DWELLINGS,1,"339,000","339,000","339,000","339,000"
STATEN ISLAND,NEW BRIGHTON,01-ONE FAMILY DWELLINGS,63,"250,000","513,984","520,000","791,000"
STATEN ISLAND,NEW BRIGHTON,02-TWO FAMILY DWELLINGS,52,"280,000","560,880","562,500","999,999"
STATEN ISLAND,NEW BRIGHTON,03-THREE FAMILY DWELLINGS,13,"290,000","653,269","675,000","999,999"
STATEN ISLAND,NEW BRIGHTON-ST. GEORGE,02-TWO FAMILY DWELLINGS,3,"720,000","1,190,000","1,200,000","1,650,000"
STATEN ISLAND,NEW DORP,01-ONE FAMILY DWELLINGS,82,"312,000","654,541","650,000","1,035,000"
STATEN ISLAND,NEW DORP,02-TWO FAMILY DWELLINGS,42,"344,500","868,919","824,000","1,340,000"
STATEN ISLAND,NEW DORP-BEACH,01-ONE FAMILY DWELLINGS,67,"210,000","519,927","525,000","868,000"
STATEN ISLAND,NEW DORP-BEACH,02-TWO FAMILY DWELLINGS,7,"450,000","772,415","816,200","987,703"
STATEN ISLAND,NEW DORP-HEIGHTS,01-ONE FAMILY DWELLINGS,58,"240,500","684,677","660,500","1,599,000"
STATEN ISLAND,NEW DORP-HEIGHTS,02-TWO FAMILY DWELLINGS,10,"370,000","650,768","658,000","945,000"
STATEN ISLAND,NEW SPRINGVILLE,01-ONE FAMILY DWELLINGS,131,"300,000","641,739","640,000","2,975,000"
STATEN ISLAND,NEW SPRINGVILLE,02-TWO FAMILY DWELLINGS,90,"216,324","828,197","820,000","2,975,000"
STATEN ISLAND,NEW SPRINGVILLE,03-THREE FAMILY DWELLINGS,2,"406,250","613,125","613,125","820,000"
STATEN ISLAND,OAKWOOD,01-ONE FAMILY DWELLINGS,47,"384,000","670,123","645,000","1,170,988"
STATEN ISLAND,OAKWOOD,02-TWO FAMILY DWELLINGS,5,"760,633","864,012","888,888","909,297"
STATEN ISLAND,OAKWOOD-BEACH,01-ONE FAMILY DWELLINGS,43,"216,000","599,945","595,000","930,000"
STATEN ISLAND,OAKWOOD-BEACH,02-TWO FAMILY DWELLINGS,7,"630,000","859,857","920,000","999,000"
STATEN ISLAND,PLEASANT PLAINS,01-ONE FAMILY DWELLINGS,31,"427,500","804,294","690,000","1,525,000"
STATEN ISLAND,PLEASANT PLAINS,02-TWO FAMILY DWELLINGS,30,"462,500","972,794","981,352","1,600,000"
STATEN ISLAND,PORT IVORY,01-ONE FAMILY DWELLINGS,12,"282,500","389,053","391,000","510,000"
STATEN ISLAND,PORT IVORY,02-TWO FAMILY DWELLINGS,4,"410,000","526,250","457,500","780,000"
STATEN ISLAND,PORT RICHMOND,01-ONE FAMILY DWELLINGS,95,"221,000","443,020","445,000","640,000"
STATEN ISLAND,PORT RICHMOND,02-TWO FAMILY DWELLINGS,60,"280,000","590,714","493,000","6,500,000"
STATEN ISLAND,PRINCES BAY,01-ONE FAMILY DWELLINGS,83,"350,000","786,242","715,000","2,220,000"
STATEN ISLAND,PRINCES BAY,02-TWO FAMILY DWELLINGS,73,"496,500","926,351","829,000","1,580,000"
STATEN ISLAND,RICHMONDTOWN,01-ONE FAMILY DWELLINGS,52,"385,000","887,317","826,250","1,770,000"
STATEN ISLAND,RICHMONDTOWN,02-TWO FAMILY DWELLINGS,4,"525,000","778,750","820,000","950,000"
STATEN ISLAND,RICHMONDTOWN-LIGHTHS HILL,01-ONE FAMILY DWELLINGS,9,"685,000","1,277,000","1,150,000","2,032,000"
STATEN ISLAND,RICHMONDTOWN-LIGHTHS HILL,03-THREE FAMILY DWELLINGS,1,"798,000","798,000","798,000","798,000"
STATEN ISLAND,ROSEBANK,01-ONE FAMILY DWELLINGS,125,"217,765","565,936","549,000","1,277,100"
STATEN ISLAND,ROSEBANK,02-TWO FAMILY DWELLINGS,36,"280,000","712,396","680,000","1,175,000"
STATEN ISLAND,ROSEBANK,03-THREE FAMILY DWELLINGS,5,"657,000","777,800","799,000","898,000"
STATEN ISLAND,ROSSVILLE,01-ONE FAMILY DWELLINGS,78,"292,500","596,776","522,500","1,492,500"
STATEN ISLAND,ROSSVILLE,02-TWO FAMILY DWELLINGS,43,"585,000","3,464,554","830,000","17,000,000"
STATEN ISLAND,ROSSVILLE-CHARLESTON,01-ONE FAMILY DWELLINGS,31,"300,000","668,224","685,000","792,500"
STATEN ISLAND,ROSSVILLE-CHARLESTON,02-TWO FAMILY DWELLINGS,7,"499,900","667,783","575,000","895,000"
STATEN ISLAND,ROSSVILLE-RICHMOND VALLEY,01-ONE FAMILY DWELLINGS,3,"625,000","800,000","700,000","1,075,000"
STATEN ISLAND,ROSSVILLE-RICHMOND VALLEY,02-TWO FAMILY DWELLINGS,12,"824,783","1,135,990","1,113,943","1,475,000"
STATEN ISLAND,SILVER LAKE,01-ONE FAMILY DWELLINGS,32,"430,000","745,031","684,500","1,425,000"
STATEN ISLAND,SILVER LAKE,02-TWO FAMILY DWELLINGS,6,"555,000","792,503","719,500","1,120,425"
STATEN ISLAND,SOUTH BEACH,01-ONE FAMILY DWELLINGS,117,"240,000","581,956","585,000","1,040,000"
STATEN ISLAND,SOUTH BEACH,02-TWO FAMILY DWELLINGS,43,"247,500","707,910","725,000","1,058,979"
STATEN ISLAND,SOUTH BEACH,03-THREE FAMILY DWELLINGS,3,"549,855","616,618","600,000","700,000"
STATEN ISLAND,STAPLETON,01-ONE FAMILY DWELLINGS,39,"220,000","502,660","438,000","1,300,000"
STATEN ISLAND,STAPLETON,02-TWO FAMILY DWELLINGS,16,"210,000","629,261","570,000","1,600,000"
STATEN ISLAND,STAPLETON,03-THREE FAMILY DWELLINGS,4,"468,000","604,475","544,000","861,900"
STATEN ISLAND,STAPLETON-CLIFTON,01-ONE FAMILY DWELLINGS,20,"230,000","496,799","501,500","999,988"
STATEN ISLAND,STAPLETON-CLIFTON,02-TWO FAMILY DWELLINGS,2,"750,000","752,500","752,500","755,000"
STATEN ISLAND,SUNNYSIDE,01-ONE FAMILY DWELLINGS,36,"390,000","618,947","609,000","860,000"
STATEN ISLAND,SUNNYSIDE,02-TWO FAMILY DWELLINGS,13,"202,836","728,830","757,000","993,950"
STATEN ISLAND,TODT HILL,01-ONE FAMILY DWELLINGS,35,"450,000","1,552,723","1,425,000","3,000,000"
STATEN ISLAND,TOMPKINSVILLE,01-ONE FAMILY DWELLINGS,9,"349,013","714,946","580,000","1,490,000"
STATEN ISLAND,TOMPKINSVILLE,02-TWO FAMILY DWELLINGS,12,"400,000","818,708","680,000","2,875,000"
STATEN ISLAND,TOMPKINSVILLE,03-THREE FAMILY DWELLINGS,1,"675,000","675,000","675,000","675,000"
STATEN ISLAND,TOTTENVILLE,01-ONE FAMILY DWELLINGS,131,"275,000","713,676","650,000","3,089,000"
STATEN ISLAND,TOTTENVILLE,02-TWO FAMILY DWELLINGS,92,"245,000","889,949","910,000","1,400,000"
STATEN ISLAND,TRAVIS,01-ONE FAMILY DWELLINGS,54,"360,000","575,871","562,000","830,000"
STATEN ISLAND,TRAVIS,02-TWO FAMILY DWELLINGS,5,"625,000","763,800","705,000","959,000"
STATEN ISLAND,WEST NEW BRIGHTON,01-ONE FAMILY DWELLINGS,98,"200,000","555,648","549,878","1,175,000"
STATEN ISLAND,WEST NEW BRIGHTON,02-TWO FAMILY DWELLINGS,54,"230,000","590,173","584,000","985,000"
STATEN ISLAND,WESTERLEIGH,01-ONE FAMILY DWELLINGS,118,"225,456","607,892","605,000","1,125,000"
STATEN ISLAND,WESTERLEIGH,02-TWO FAMILY DWELLINGS,47,"300,000","780,256","800,000","1,120,000"
STATEN ISLAND,WILLOWBROOK,01-ONE FAMILY DWELLINGS,116,"245,666","625,932","606,250","1,400,000"
STATEN ISLAND,WILLOWBROOK,02-TWO FAMILY DWELLINGS,40,"200,000","761,630","824,000","1,045,000"
STATEN ISLAND,WILLOWBROOK,03-THREE FAMILY DWELLINGS,1,"738,000","738,000","738,000","738,000"
STATEN ISLAND,WOODROW,01-ONE FAMILY DWELLINGS,85,"250,000","621,952","635,000","1,150,000"
STATEN ISLAND,WOODROW,02-TWO FAMILY DWELLINGS,51,"219,973","807,187","780,000","1,282,995"
STATEN ISLAND,WOODROW,03-THREE FAMILY DWELLINGS,1,"665,000","665,000","665,000","665,000"
,,,,,,,
